{"ys":[40.7261855236006,40.72742629854822,40.728667073495835,40.72990784844345,40.73114862339107,40.73238939833869,40.73363017328631,40.734870948233926,40.736111723181544,40.73735249812916,40.73859327307678,40.7398340480244,40.74107482297202,40.742315597919635,40.74355637286725,40.74479714781487,40.74603792276249,40.74727869771011,40.748519472657726,40.749760247605344,40.75100102255296,40.75224179750058,40.7534825724482,40.75472334739582,40.755964122343435,40.75720489729106,40.75844567223868,40.7596864471863,40.760927222133915,40.762167997081534,40.76340877202915,40.76464954697677,40.76589032192439,40.767131096872006,40.768371871819625,40.76961264676724,40.77085342171486,40.77209419666248,40.7733349716101,40.774575746557716,40.775816521505334,40.77705729645295,40.77829807140057,40.77953884634819,40.78077962129581,40.782020396243425,40.78326117119104,40.78450194613866,40.78574272108628,40.7869834960339],"zs":[56.01,51.48,51.74,44.9,45.6,48.76,51.94,61.55,73.28,66.29,63.29,61.46,58.49,50.06,44.18,41.35,39.9,39.84,36.59,39.0,32.85,30.03,33.51,41.28,48.27,62.42,60.31,47.04,45.5,48.2,53.46,64.52,90.94,99.45,88.22,77.94,74.07,67.39,57.02,48.88,45.05,48.09,43.18,39.9,39.08,40.62,33.1,31.9,36.77,43.92,71.71,69.82,57.64,46.98,60.73,60.83,96.1,142.76,137.34,115.32,94.89,84.02,76.91,67.68,56.16,48.75,51.23,49.58,44.37,39.98,41.33,39.08,33.27,34.35,38.63,74.36,76.11,64.27,50.65,61.01,87.64,127.37,144.27,154.88,154.21,121.78,101.25,89.54,78.44,65.93,57.72,53.51,54.97,50.69,45.22,40.48,37.04,35.56,33.26,36.96,77.43,64.79,71.06,63.36,57.43,106.1,134.93,142.34,148.85,155.99,159.95,124.49,103.86,87.97,76.57,68.22,60.35,57.23,55.58,51.15,42.79,40.6,41.94,34.53,34.96,78.13,73.79,75.67,56.64,60.87,96.08,128.31,138.22,143.42,153.35,161.87,155.41,122.68,104.06,87.5,77.81,68.75,64.85,60.88,59.44,47.98,44.57,45.44,42.71,35.23,77.37,77.0,77.61,59.73,63.84,99.1,113.48,135.22,152.77,151.16,158.9,162.84,153.3,120.58,103.98,87.91,79.23,73.92,67.96,64.94,53.54,44.0,50.07,46.93,43.32,88.65,84.02,80.83,65.49,59.07,77.84,103.68,125.53,147.66,160.47,159.49,164.66,165.91,146.24,118.18,102.01,88.47,80.25,74.83,70.48,62.1,49.47,48.1,53.33,48.34,99.44,88.01,84.27,82.97,60.09,69.83,92.51,113.41,135.15,149.8,164.15,160.75,163.8,167.33,147.47,118.41,101.95,88.65,82.18,78.29,69.59,55.74,49.71,51.8,57.88,102.64,104.12,97.82,74.39,68.53,60.14,77.6,99.22,117.22,130.03,153.71,162.09,161.09,164.47,167.19,139.18,114.62,97.97,87.68,83.73,76.03,60.99,51.93,49.41,59.15,114.76,115.62,99.65,95.47,95.31,70.6,60.14,75.41,100.54,122.61,141.39,157.32,160.93,163.17,167.0,158.25,129.02,112.59,96.6,89.03,80.11,65.83,56.0,49.52,54.51,121.11,111.04,114.21,111.8,105.23,102.43,66.8,74.98,99.48,111.59,126.23,144.81,163.02,164.44,165.56,165.01,157.87,129.18,108.67,96.9,87.28,74.81,60.53,53.12,52.44,123.96,126.43,127.51,124.19,107.58,92.65,67.27,74.09,95.48,102.63,123.05,143.73,153.72,166.16,164.96,166.27,166.6,156.49,122.54,104.98,94.24,81.41,70.53,60.0,55.06,132.49,128.75,142.22,132.8,116.22,95.17,78.05,65.54,73.44,94.77,122.63,150.45,159.95,162.54,164.74,165.55,167.95,167.5,141.39,116.28,102.84,88.36,78.59,68.04,59.33,135.9,129.63,135.65,149.65,131.83,109.12,92.13,67.31,71.28,95.2,105.78,133.74,155.48,169.13,167.16,163.63,164.41,168.11,159.05,128.09,109.31,95.72,85.54,79.65,67.48,139.88,133.57,135.32,141.51,145.89,119.2,96.72,77.69,69.21,80.55,95.18,129.15,144.98,165.06,158.96,167.14,159.53,164.18,156.31,133.83,121.74,108.38,93.46,86.54,79.24,142.73,152.05,156.37,143.59,147.61,126.53,103.08,90.34,92.32,71.97,83.82,113.32,135.91,156.39,150.75,161.93,157.2,155.83,154.93,150.37,140.2,119.8,102.33,94.4,90.57,136.21,140.78,156.4,162.33,152.52,138.31,127.93,95.01,89.0,83.32,74.11,102.61,125.18,134.58,135.15,151.46,152.13,149.58,153.91,156.0,162.27,132.0,115.84,105.2,99.94,133.21,139.49,147.1,157.23,167.48,154.91,135.91,111.99,94.57,90.76,78.29,83.11,102.76,112.19,120.68,136.88,137.72,144.85,153.46,161.94,169.27,165.91,133.39,118.98,107.7,136.68,139.87,152.59,158.63,167.04,165.88,161.25,126.56,102.07,93.71,79.93,81.49,96.21,93.82,101.26,124.57,146.39,150.26,147.96,158.73,168.95,173.35,156.12,130.89,116.13,131.8,135.34,149.18,158.94,158.41,153.19,153.96,152.89,109.61,101.17,103.41,91.12,79.35,83.68,90.6,118.7,139.47,152.39,155.23,154.36,163.94,171.28,171.87,141.11,123.49,128.26,127.93,136.81,138.07,139.58,140.93,137.3,139.21,119.46,103.23,100.02,95.77,81.51,93.65,103.9,120.91,126.51,147.94,160.93,159.58,158.97,170.02,173.4,171.77,133.46,129.34,123.57,125.8,127.17,134.63,140.14,141.37,132.18,121.88,112.02,104.23,98.86,81.28,97.91,96.43,113.3,139.2,143.14,155.76,166.2,158.24,165.4,171.77,172.06,140.75,112.75,119.41,120.86,124.88,134.42,145.88,159.11,160.31,147.24,125.13,112.38,100.79,87.49,88.87,99.02,114.24,130.88,155.17,156.39,166.16,161.29,161.34,161.94,158.02,158.28,106.87,113.99,118.24,122.56,133.41,145.66,155.71,165.71,165.42,155.14,127.78,111.46,91.2,91.16,97.31,106.22,134.23,149.23,164.3,163.19,170.52,162.95,168.76,152.24,161.13,121.83,121.15,119.0,121.56,129.72,140.09,153.12,162.86,168.34,168.92,161.0,128.69,108.79,89.1,87.66,99.02,125.32,149.07,162.35,168.22,170.28,171.39,167.62,172.27,174.12,124.29,121.09,122.74,121.68,128.9,135.39,145.94,155.36,157.98,166.38,171.83,161.26,117.38,101.24,92.25,90.26,111.61,132.57,145.7,165.92,169.35,170.59,169.76,175.52,175.58,127.46,123.56,122.96,122.32,125.0,129.83,139.32,144.75,145.12,151.16,159.37,163.38,125.29,108.04,102.34,100.38,100.38,118.72,144.25,162.56,168.8,175.06,173.27,175.9,176.65,129.23,123.85,124.3,124.41,126.73,127.33,130.66,135.53,143.09,163.18,161.45,160.31,146.71,123.03,104.09,100.38,100.38,104.73,136.26,158.26,162.47,172.58,172.73,171.67,176.73,120.55,127.56,125.67,126.14,127.67,129.82,129.3,132.26,143.3,161.39,171.13,173.89,171.66,131.8,107.61,100.38,100.38,102.62,126.85,144.66,154.41,172.86,175.48,172.4,173.72,116.01,126.43,125.59,126.5,131.19,129.04,134.07,136.27,135.63,142.09,159.11,175.01,179.52,138.05,101.75,102.8,100.38,100.38,112.51,127.4,152.04,170.15,172.66,169.62,171.11,110.18,130.36,129.34,129.04,134.03,141.08,139.77,145.16,147.8,149.31,165.49,172.97,175.88,134.81,108.36,103.24,100.38,100.38,106.34,121.12,144.63,160.44,166.56,164.1,169.59,104.51,119.17,134.58,130.33,134.6,141.51,155.8,151.57,159.5,155.76,158.77,163.45,159.48,143.39,111.96,107.48,100.38,100.38,104.99,113.14,132.14,150.97,163.91,158.67,167.88,96.5,107.46,121.18,145.9,141.42,141.48,145.83,143.74,150.62,145.75,144.48,148.36,146.6,149.51,122.77,111.64,104.44,100.38,102.92,111.09,126.52,143.73,159.52,155.23,163.23,90.59,97.17,112.25,134.94,140.29,135.93,137.72,134.54,137.69,132.11,135.01,141.86,149.14,153.19,150.77,116.52,106.07,101.64,102.67,106.72,122.36,136.38,153.14,160.57,154.01,84.27,91.0,99.89,120.09,123.15,120.86,128.41,127.42,126.42,129.29,143.8,149.59,165.05,163.71,156.91,126.17,110.32,103.98,102.7,105.38,113.28,126.0,141.28,156.94,142.7,79.52,85.85,89.72,96.0,103.94,109.11,113.31,125.44,129.86,134.67,139.17,154.89,169.61,178.97,171.75,153.95,122.39,110.25,101.31,104.01,111.03,119.34,127.07,138.48,150.35,78.71,83.85,92.84,103.12,118.74,123.26,124.38,132.82,135.71,139.43,142.35,153.33,166.66,178.73,179.83,177.3,146.91,115.31,103.65,102.19,108.29,120.87,140.26,153.15,161.64,76.53,81.19,85.54,97.94,114.77,120.33,127.56,136.91,150.14,148.19,151.04,158.93,159.35,167.55,176.78,177.43,168.22,122.85,106.91,103.39,105.17,112.83,127.37,149.56,158.63,76.9,80.11,83.05,89.9,103.9,107.88,113.18,128.27,146.95,157.8,156.48,162.97,152.02,155.46,175.3,175.85,165.8,124.73,118.12,105.54,104.85,113.42,120.65,135.84,155.64,76.36,79.74,86.01,86.54,92.08,95.01,105.42,123.23,141.01,149.2,147.39,149.84,141.68,150.58,164.87,169.4,157.16,159.46,134.27,110.78,103.99,110.46,118.75,135.33,152.69,78.1,78.68,86.48,90.58,93.27,92.16,97.28,110.67,126.28,130.56,128.0,128.45,127.66,137.06,149.28,153.26,160.61,169.86,156.81,123.71,103.82,106.59,113.73,127.34,148.38,82.35,80.09,82.09,88.63,95.05,96.56,97.26,100.99,110.38,113.98,120.77,132.22,134.76,147.55,166.07,170.47,169.35,168.89,155.55,134.24,110.96,104.36,